??ID,????,??????,???/??,????,RQ,??,????,????/??,????,?????????,??/???
P4-001,P4牛老师.md,心理咨询师/老师,06:03,抑郁状态倾向蛮多，心理困扰在人际、学习方面比较多。,RQ1,评估信息要素与结构化采集,抑郁倾向；人际困扰；学习困扰,大学生常见议题,系统应覆盖抑郁倾向、人际问题和学习问题等高校常见主诉。,不能只按疾病分类，也要覆盖心理困扰和校园议题。,场景议题
P4-002,P4牛老师.md,心理咨询师/老师,06:53,初始访谈会收集人际、自我评价、家庭、学习、未来规划、睡眠、身体情况等维度。,RQ1,评估信息要素与结构化采集,人际；自我评价；家庭；学习；未来规划；睡眠；身体情况,初始评估字段,系统初评应覆盖人际、自我评价、家庭、学习、规划、睡眠和身体状态。,字段采集需自然嵌入对话。,与其他专家互证
P4-003,P4牛老师.md,心理咨询师/老师,07:29,高校里面宿舍关系是重要方面。,RQ1,评估信息要素与结构化采集,宿舍关系；校园人际,高校特定因素,系统应加入宿舍关系等大学生特有生活场景。,遗漏宿舍关系会降低校园场景适配度。,大学生特色
P4-004,P4牛老师.md,心理咨询师/老师,08:07-10:18,首先是咨询目标，为什么这个时候来咨询；会关心学业成绩、人际关系、睡眠情况、家庭情况，但没有清单式顺序。,RQ1,评估流程与决策节点,咨询目标；来访时机；学业；人际；睡眠；家庭；非清单式,目标驱动评估,系统应以用户咨询目标和当前困扰为入口，再逐步覆盖必要评估字段。,不能表现为机械清单问诊。,流程设计
P4-005,P4牛老师.md,心理咨询师/老师,09:50,会根据来访当时的情绪状态、问题复杂程度、严重程度、急迫情况来决定重点。,RQ1,评估流程与决策节点,情绪状态；复杂程度；严重程度；急迫性,追问优先级,系统应根据严重性和急迫性动态调整追问重点。,高急迫性问题应优先进入风险流程。,动态工作流
P4-006,P4牛老师.md,心理咨询师/老师,10:51,咨询通常不是一问一答，而是共情后顺着他说的内容再问相关信息。,RQ2,自然语言交互的接受度与披露质量,非问答式；共情；顺势追问；信息收集,共情式追问,智能体应先共情和理解，再顺着用户内容补充追问。,过多一问一答会降低咨询感和披露质量。,对话策略
P4-007,P4牛老师.md,心理咨询师/老师,11:54,不清楚或没理解时会深入问；内容与一般逻辑不一致时也会多问。,RQ1,自然语言交互的接受度与披露质量,澄清；逻辑不一致；深入追问,澄清触发,系统应对模糊表达和逻辑不一致内容进行澄清。,异常内容可能包含精神病性线索或误解，不能直接跳过。,NLU 需求
P4-008,P4牛老师.md,心理咨询师/老师,14:31,如果信息已能理解且与核心咨询问题或求助目标联系不大，就会一笔带过。,RQ1,评估流程与决策节点,信息相关性；核心问题；求助目标；略过,追问边界,系统应避免无限追问与核心问题无关的信息。,过度追问可能造成侵犯感和对话疲劳。,追问控制
P4-009,P4牛老师.md,心理咨询师/老师,15:26,心理咨询里说的是评估，诊断是医学的。,RQ1,评估 vs 诊断切分,评估；诊断；医学边界,术语边界,系统应使用评估、提示、建议等措辞，避免诊断。,诊断表述属于医学边界，需谨慎。,合规措辞
P4-010,P4牛老师.md,心理咨询师/老师,15:26-17:12,评估包括关于病的方面，也包括为什么会出现困扰、为何卡住无法解决的个案概念化理解。,RQ1,评估信息要素与结构化采集,症状评估；个案概念化；困扰成因；问题维持,双层评估,系统除了症状信息，也应整理可能的困扰成因和维持因素。,AI 对成因解释应谨慎，避免过度心理化。,报告结构
P4-011,P4牛老师.md,心理咨询师/老师,16:03,病的方面会收集认知、情绪、行为、生理、睡眠等信息，并做鉴别诊断。,RQ1,评估信息要素与结构化采集,认知；情绪；行为；生理；睡眠；鉴别诊断,症状维度,系统应覆盖认知、情绪、行为、生理和睡眠等多维度信息。,鉴别诊断应交由专业人员，系统只能辅助提示。,评估字段
P4-012,P4牛老师.md,心理咨询师/老师,18:40,高校背景下首要是保证安全，先评估有没有生命危险。,RQ1,危机评估与分级处置,高校安全；生命危险；安全优先,安全优先原则,系统在高校场景下应把生命安全和危机识别放在最高优先级。,安全风险优先于一般体验和量表完整性。,危机原则
P4-013,P4牛老师.md,心理咨询师/老师,18:40-19:22,有立即即刻风险时不会让他走，会联系辅导员并上报更高领导。,RQ1,危机评估与分级处置,即刻风险；不放任离开；联系辅导员；上报,高危处置,系统识别即刻风险时应触发校内人工介入、辅导员/心理中心联动和紧急处理。,AI 不可独自处理即刻自杀风险。,高校闭环
P4-014,P4牛老师.md,心理咨询师/老师,19:22,有自杀风险但无即刻风险时，会讨论突破保密例外，并继续观察变化。,RQ1,危机评估与分级处置,非即刻自杀风险；保密例外；持续观察,中危处置,系统应区分即刻风险和非即刻风险，并提示保密例外与持续观察机制。,涉及保密突破必须有明确规则和人工确认。,危机分层
P4-015,P4牛老师.md,心理咨询师/老师,19:22-20:38,问题严重但没有自杀伤人风险时，可能需要长期咨询；相对简单问题可通过短程咨询解决。,RQ1,评估流程与决策节点,长期咨询；短程咨询；严重复杂问题；简单问题,服务匹配,系统可根据问题复杂性和风险程度建议长期咨询、短程支持或自助资源。,不能把复杂问题简化为几条建议。,分流规则
P4-016,P4牛老师.md,心理咨询师/老师,22:00,最好能开摄像头通过语音进行；文字打字咨询效率很低。,RQ2,自然语言交互系统的挑战与约束,视频语音；文字效率低；露脸意愿,媒介限制,文本智能体应定位为辅助筛查和陪伴，不宜替代高质量咨询。,文字交互效率和信息量有限。,线上局限
P4-017,P4牛老师.md,心理咨询师/老师,23:01,面对面咨询最精准；在线即使开视频也看不到整体动作表情，只能看到一张脸，会少收集信息。,RQ2,自然语言交互系统的挑战与约束,面对面最精准；整体动作缺失；面部局限；信息减少,线上评估局限,系统报告需标明基于有限信息，必要时建议线下评估。,线上/AI 评估不应过度自信。,与 P2/P5 互证
P4-018,P4牛老师.md,心理咨询师/老师,26:29,作为来访者感觉 AI 味太浓，显示正在搜索知识库、搜索完毕等很冰冷。,RQ2,自然语言交互的接受度与披露质量,AI 味；搜索提示；冰冷感；沉浸破坏,界面反馈体验,用户端不应暴露检索过程和技术状态，应保持支持性对话体验。,技术提示会降低信任和亲近感。,原型 UI 改进
P4-019,P4牛老师.md,心理咨询师/老师,27:26-28:07,一部分人需要短平快建议，但还有人更想被理解，而不是被教办法。,RQ2,自然语言交互的接受度与披露质量,短平快建议；被理解需求；过早给方案,回应模式差异,系统应先识别用户需要倾诉还是需要建议，再选择回应策略。,过早给方案可能让用户感到不被理解。,个性化回应
P4-020,P4牛老师.md,心理咨询师/老师,28:07,最初十分钟二十分钟不要出下边选项，而是 AI 试着理解来访说的内容。,RQ2,自然语言交互的接受度与披露质量,初期倾听；选项过早；理解优先,初期对话策略,智能体初期应以理解、共情、澄清为主，减少过早菜单式建议。,菜单式选项会破坏倾诉体验。,工作流阶段
P4-021,P4牛老师.md,心理咨询师/老师,31:08,如果要问多道程序化问题，不如直接告诉用户先做一个量表，让用户知道为什么做。,RQ2,自然语言交互的接受度与披露质量,程序化问题；评估告知；量表透明；知情同意,评估透明度,系统进入结构化评估前应告知目的、方式和原因。,未告知的程序化问题会导致烦躁或放弃。,与 P5 互证
P4-022,P4牛老师.md,心理咨询师/老师,31:08,上来程序化问很多题，来访者可能觉得 AI 低级或烦躁，很快放弃。,RQ2,自然语言交互的接受度与披露质量,程序化过强；放弃风险；烦躁；低级 AI 感,流失风险,系统应控制初期结构化问题数量，并用自然语言衔接。,过度问卷化会影响完成率和数据质量。,体验风险
