编码ID,访谈文件,访谈对象类型,时间戳/位置,原文证据,RQ,主题,开放编码,轴心编码/归类,提炼需求,对智能体设计的启示,风险/合规点,备注
P1-001,P1王老师.md,心理咨询师/老师,13:32,学校的心理咨询它只能承担心理咨询这个层面的任务，真正的患有心理疾病的同学需要在专门的像安宁医院这种专科医院去就诊。,RQ1,工具定位与边界,学校咨询边界；疾病诊断需转医院；咨询与医疗分工,专业边界,系统不能替代心理咨询师或精神科医生，只能做心理状态评估、风险提示和辅助分流。,开场白和报告必须避免诊断式表述；严重情况应建议专业就医。,可用于最终报告的“评估 vs 诊断”部分,
P1-002,P1王老师.md,心理咨询师/老师,14:47,信息登记表上会采的一些信息是基本信息、家里人的情况、精神病史、就医或咨询历史、主要咨询问题、自杀自伤史。,RQ1,评估信息要素与结构化采集,基本信息；家庭情况；精神病史；既往就医史；主诉；自伤自杀史,首次评估字段,系统需要在自然对话中逐步收集基础信息、家庭风险因素、既往史、主诉和自伤自杀史。,敏感信息采集需说明用途并注意隐私保护。,可直接转成后台报告字段,
P1-003,P1王老师.md,心理咨询师/老师,14:47-15:57,会了解症状持续的时间、症状的程度，以及有没有自伤自杀的念头、计划行为或者过去的历史。,RQ1,危机评估与分级处置,症状持续时间；症状程度；自伤自杀念头；计划行为；既往风险史,风险评估节点,系统必须追问风险想法、计划、行为和既往史，而不是只识别情绪低落。,高风险表达应触发危机响应，不应继续普通陪伴式对话。,危机规则核心证据,
P1-004,P1王老师.md,心理咨询师/老师,15:57,如果比较严重的话，我们就会转接到医院去引导他去就医。,RQ1,危机评估与分级处置,严重程度判断；医院转介；咨询适配性判断,转介决策,系统应建立“继续自助对话/建议咨询/建议就医/紧急介入”的分流规则。,不能让高风险或疑似精神病性问题停留在 AI 对话内。,对应智能体工作流分支,
P1-005,P1王老师.md,心理咨询师/老师,17:08-19:16,无论什么流派，有一些信息基本一定不会被错过，比如家庭早期和父母之间的关系、现在症状情况、形成症状的原因、如何帮助改善。,RQ1,评估信息要素与结构化采集,家庭关系；当前症状；成因探索；改善目标,跨流派共性信息,系统应覆盖跨咨询流派都关注的共性信息，而不是绑定某一种理论流派。,不应输出某流派下的过度解释或治疗建议。,适合做知识库设计依据,
P1-006,P1王老师.md,心理咨询师/老师,20:07,一开始先听他讲主要困扰，了解希望改善的目标，再和来访共同制定咨询方向。,RQ1,评估流程与决策节点,先倾听；主诉识别；目标澄清；共同制定方向,首次会谈流程,系统对话流程应先倾听和澄清主诉，再逐步进入结构化评估。,过早进入量表式问题会降低用户接受度。,用于设计对话阶段,
P1-007,P1王老师.md,心理咨询师/老师,22:18,首次访谈要在 50 分钟了解问题方向、问题程度、是否有危机情况、适不适合做咨询。,RQ1,评估流程与决策节点,问题方向；严重程度；危机情况；咨询适配性,首次评估目标,系统首次对话应优先完成方向判断、严重程度判断、危机筛查和分流判断。,首次对话不能只做情绪安抚，需要完成最低限度安全筛查。,可用于首轮对话流程,
P1-008,P1王老师.md,心理咨询师/老师,22:18,需要了解是否有精神病性问题、严重心理问题，以及问题对正常社会功能的损伤程度。,RQ1,评估信息要素与结构化采集,精神病性问题；严重心理问题；社会功能损伤,严重程度判断,系统需要识别功能受损程度，例如学习、工作、人际和日常生活影响。,疑似精神病性症状应转人工或建议专业医疗评估。,可加入报告风险等级依据,
P1-009,P1王老师.md,心理咨询师/老师,24:47:00,顺着来访本身讲的事去问会更加自然；如果一开始就切入，有时会突兀，让来访不舒适。,RQ2,自然语言交互的接受度与披露质量,顺势追问；避免突兀；敏感问题铺垫；用户舒适度,追问策略,系统应根据用户主动披露内容动态决定追问方向和深度。,敏感问题不能机械插入，否则可能造成抵触或中断披露。,对话策略核心证据,
P1-010,P1王老师.md,心理咨询师/老师,27:22:00,共性的会了解生理变化、体重变化、食欲变化、睡眠变化，以及社会功能有没有受到损伤。,RQ1,评估信息要素与结构化采集,生理变化；体重变化；食欲变化；睡眠变化；社会功能,通用评估指标,系统应把睡眠、食欲、体重、生理反应和社会功能作为基础评估维度。,不能只从情绪词判断心理状态。,可转成报告字段和追问问题,
P1-011,P1王老师.md,心理咨询师/老师,28:38:00,要排除精神病性问题，比如有没有幻听、妄想；如果有，更可能是精神病性问题，去医院就诊更合适。,RQ1,危机评估与分级处置,幻听；妄想；精神病性筛查；医院就诊,精神病性风险识别,系统应包含疑似精神病性症状的筛查和转介规则。,AI 不应自行判断或解释幻听妄想，应建议专业评估。,高风险转介依据,
P1-012,P1王老师.md,心理咨询师/老师,30:11-31:22,双相没有办法通过咨询去诊断，具体是不是只有医生说了算。,RQ1,评估 vs 诊断切分,双相识别限制；医生诊断；咨询只能工作评估,诊断边界,系统只能输出状态线索和建议进一步评估，不能诊断双相等重性精神障碍。,避免过度诊断和误导用户。,可用于免责声明和报告措辞,
P1-013,P1王老师.md,心理咨询师/老师,32:20:00,DSM-5 手册里有各种症状和具体诊断标准，可能对后续研究有帮助。,RQ1,诊断标准与量表依据,DSM-5；诊断标准；症状分类,专业标准参考,知识库可参考 DSM-5 等专业标准，但系统输出应以评估和提示为主。,专业标准不能被简化成 AI 诊断结论。,知识库来源建议,
P1-014,P1王老师.md,心理咨询师/老师,34:21:00,线上咨询出于风险和安全考虑，对有风险的同学不太接受线上形式，因为看不到非语言信息。,RQ2,自然语言交互系统的挑战与约束,线上风险；安全考虑；非语言信息缺失；风险学生不适合线上,线上评估局限,系统应承认文本/线上评估的信息不足，并对风险场景保守处理。,高风险用户应转人工或线下资源，不能仅依赖文本对话。,说明 AI 系统局限,
P1-015,P1王老师.md,心理咨询师/老师,35:12-36:14,状态非常差或有潜在危机时，纯语音看不到表情，很多信息评估不到；文字咨询现在很少见。,RQ2,自然语言交互系统的挑战与约束,语音局限；文字咨询局限；表情缺失；危机评估不足,交互媒介限制,纯文本智能体需要额外补充安全确认和人工复核机制。,不能宣称文本对话可以完成精准心理评估。,对无感知评估边界很重要,
P1-016,P1王老师.md,心理咨询师/老师,37:03:00,如果是纯语音或者文字，诊断得很有限，可能像量表填答一样，只能做参考，不能当最终诊断。,RQ2,评估 vs 诊断切分,文字评估有限；量表化倾向；只能参考；非最终诊断,输出边界,报告应标注为基于对话文本的初步评估参考，不作为诊断。,避免把量表分数或对话判断包装成医学诊断。,报告免责声明依据,
P1-017,P1王老师.md,心理咨询师/老师,39:45-40:55,它不像个咨询师，像个辅导员；咨询中尽量不给建议，最起效的是充分共情理解，让来访看到他自己。,RQ2,自然语言交互的接受度与披露质量,建议过多；共情不足；咨询师风格；自我理解,回应风格,智能体回应应减少说教式建议，增加共情、反映、澄清和陪伴式回应。,过度指导可能造成用户反感，也可能越界成咨询替代。,可用于提示词设计,
P2-001,P2王老师.md,心理咨询师/老师,14:50,会了解基本情况，比如年级、学习情况、最近一周吃饭、睡眠或者人际交往，以及他对自己的评估。,RQ1,评估信息要素与结构化采集,年级；学习情况；饮食；睡眠；人际交往；自我评估,基础状态采集,系统应在自然对话中采集学习、饮食、睡眠、人际和自我评价等基础状态信息。,基础信息采集需要避免像问卷审讯，应自然嵌入对话。,可转为报告基础字段,
P2-002,P2王老师.md,心理咨询师/老师,15:42,评估当前困惑具体是什么、严重程度、对正常生活和社会功能影响有多严重、持续了多长时间、自己的主观感受。,RQ1,评估信息要素与结构化采集,当前困扰；严重程度；社会功能影响；持续时间；主观感受,初步评估维度,系统应围绕主诉、持续时间、影响程度、主观痛苦和功能损伤做初步评估。,不能只依赖情绪关键词，需要确认持续时间和功能影响。,RQ1 核心证据,
P2-003,P2王老师.md,心理咨询师/老师,16:34,同样是失恋，有些同学会想寻死觅活，有些同学只是想疏导情绪。,RQ1,危机评估与分级处置,同一事件不同风险；自杀表达；情绪疏导；个体差异,风险差异判断,系统不能根据事件类型直接判断风险，必须进一步确认用户反应、痛苦程度和危机线索。,同一触发事件可能对应完全不同风险等级。,可用于风险分级依据,
P2-004,P2王老师.md,心理咨询师/老师,17:33,会问学习生活、睡眠、饮食基本情况，困扰问题是什么，持续多长时间，对正常生活和学习有什么影响，发生前后有什么变化。,RQ1,评估信息要素与结构化采集,学习生活；睡眠饮食；问题描述；持续时长；生活学习影响；前后变化,状态变化评估,系统应追问问题发生前后的变化，用于判断心理状态改变的幅度和影响范围。,仅收集当前状态不够，还要问变化过程。,适合做追问模板,
P2-005,P2王老师.md,心理咨询师/老师,17:33,还会问他来这次做咨询，自己想要解决什么样的问题。,RQ1,评估流程与决策节点,咨询目标；用户期待；问题聚焦,目标澄清,系统应询问用户希望解决的问题或希望获得的帮助，用于明确对话目标。,目标澄清不能变成承诺治疗效果。,可用于对话开场后阶段,
P2-006,P2王老师.md,心理咨询师/老师,18:44,会用具体化的技术，问这件事情具体是怎么发生的，或者能不能具体讲一讲。,RQ1,自然语言交互的接受度与披露质量,具体化技术；事件展开；细节追问,具体化追问,系统需要将模糊主诉具体化，追问事件经过、情境和细节。,追问应基于用户主诉，不宜无关扩展。,可用于提示词中的追问策略,
P2-007,P2王老师.md,心理咨询师/老师,18:44-20:16,有时来访一笔带过，但咨询师判断很重要，就会具体问学业、人际交往等方面。,RQ1,自然语言交互的接受度与披露质量,轻描淡写；咨询师判断；关键线索追问；学业人际展开,关键线索追问,系统应识别用户轻描淡写但可能重要的表达，并进行温和澄清。,不能把“还行”“没事”简单判定为低风险。,适合自然语言理解优化,
P2-008,P2王老师.md,心理咨询师/老师,20:43,一般心理问题、严重心理问题会根据持续时间、社会功能影响、主观感受痛苦程度来评估。,RQ1,评估信息要素与结构化采集,一般心理问题；严重心理问题；持续时间；功能影响；主观痛苦,严重程度判断,系统应根据持续时间、社会功能影响和主观痛苦做初步严重程度分层。,分层结果应是风险提示，不是诊断。,对应报告风险等级,
P2-009,P2王老师.md,心理咨询师/老师,22:28-23:04,线上咨询会用腾讯会议或飞书会议，侧重语音；在线评估可看到表情、动作、听到声音，但仍有局限。,RQ2,自然语言交互系统的挑战与约束,线上咨询；语音视频；表情动作；非语言线索,线上评估条件,系统应承认纯文本比视频/语音缺少更多非语言线索，评估可信度需要谨慎表述。,文本智能体不能宣称具备面对面咨询同等评估能力。,用于系统局限说明,
P2-010,P2王老师.md,心理咨询师/老师,23:04,线下如果能做到百分之百，线上大概80%左右；线上看不到周围环境，只能看到脸，表情也不一定看得真。,RQ2,自然语言交互系统的挑战与约束,线上准确性下降；环境不可见；表情不清；安全确认困难,信息缺失风险,系统需要增加环境安全确认和人工复核机制，弥补线上/文本信息不足。,危机评估不能只依赖用户文字回答。,可用于风险控制设计,
P2-011,P2王老师.md,心理咨询师/老师,24:54:00,建议不要把它叫 AI 心理咨询师，可以称为 AI 心理陪伴师或其他名称。,RQ2,工具定位与边界,命名风险；心理咨询师替代；AI 陪伴定位,产品定位,系统命名应避免暗示替代心理咨询师，建议定位为心理陪伴、状态评估或支持助手。,错误命名会带来伦理、法律和用户误解风险。,命名边界核心证据,
P2-012,P2王老师.md,心理咨询师/老师,24:54:00,有人跟 AI 咨询师做了咨询后自杀，家长去告公司。,RQ2,工具定位与边界,法律风险；极端事件；责任归属；咨询替代风险,责任风险,系统需要明确免责声明、危机处置流程和人工介入边界。,对自杀风险处理不当可能引发严重伦理和法律后果。,用于合规风险说明,
P2-013,P2王老师.md,心理咨询师/老师,26:14:00,机器人想把 SCL-90 问卷题目通过语言形式描述出来，但如果回复和五点量表或七点量表字眼不一致，就识别不出来。,RQ2,自然语言交互的接受度与披露质量,量表自然语言化；固定选项匹配；自由表达识别失败,量表映射问题,系统需要将用户自然语言回答稳定映射到量表维度和程度等级。,不能只依赖固定选项词，否则会误判或中断评估。,智能体 NLU 优化重点,
P2-014,P2王老师.md,心理咨询师/老师,27:33:00,大部分时候可以正常对话，有心理陪伴味道，但在做评估方面还需要调试。,RQ2,自然语言交互的接受度与披露质量,陪伴可接受；评估能力不足；对话与评估差异,陪伴与评估分离,系统应区分陪伴式回应和结构化评估能力，不能因为能聊天就认为能完成评估。,陪伴能力不足以保证测评报告科学性。,用于功能边界划分,
P2-015,P2王老师.md,心理咨询师/老师,27:33:00,我想死、不想活了、活着没有意义时，建议抓取关键词，并给心理热线电话等反馈。,RQ2,危机评估与分级处置,自杀意念关键词；危机触发；热线反馈,危机触发规则,系统应对自杀、自伤、活着无意义等表达设置高优先级危机触发规则。,危机触发后不应继续普通量表流程。,危机词库依据,
P2-016,P2王老师.md,心理咨询师/老师,31:13:00,持续时长是心理评估中很重要的指标，可以训练智能体去问大于一个月、大于六个月等。,RQ2,评估信息要素与结构化采集,持续时长；标准化问题；训练智能体；时间阈值,可操作评估字段,系统应主动询问问题持续时间，并将其作为风险和状态评估的重要字段。,不能漏掉持续时间，否则评估结论依据不足。,可转成固定追问节点,
P2-017,P2王老师.md,心理咨询师/老师,31:57-34:14,问卷问题问得自然，但回答如“严重”“非常符合”时，系统无法理解并接不上。,RQ2,自然语言交互的接受度与披露质量,自然提问；答案抓取失败；同义表达；上下文断裂,回答理解与上下文保持,系统需要支持同义表达识别，并保持上下文，不应让用户重复说明刚刚的问题。,上下文断裂会降低用户信任，并影响测评准确性。,对话状态管理重点,
P2-018,P2王老师.md,心理咨询师/老师,34:58-35:36,用户说生活没有意义、想伤害自己时，系统追问是否有伤害自己的想法，这句话像咨询师会问。,RQ2,危机评估与分级处置,危机表达；自伤追问；专业化回应,危机追问有效性,系统对危机表达应先共情，再追问自伤想法、计划和行为。,追问必须谨慎，避免诱导或轻描淡写。,已有原型有效点,
P2-019,P2王老师.md,心理咨询师/老师,35:36-36:44,识别出危机后推荐了百度文库、道客巴巴等资源；应该直接推危机干预热线电话，如学校、外部或 12356。,RQ2,危机评估与分级处置,资源推荐失控；危机热线；知识库白名单；12356,危机资源闭环,系统危机资源必须使用审核白名单，优先推送热线、校内心理中心和紧急求助资源。,开放式知识库召回可能推送错误资源，危机情况下风险很高。,危机闭环核心证据,
P2-020,P2王老师.md,心理咨询师/老师,37:28:00,调试阶段后台最好能看到对话，可以自己浏览发现不合适的地方，也可整理后发给咨询师指出如何更贴近人类咨询师。,RQ2,人机协作与审计,后台可见；对话审计；专家反馈；迭代调试,过程审计与专家复核,系统开发阶段需要保留对话记录供团队和专家复核，用于迭代提示词、规则和资源库。,需处理隐私授权和数据访问权限，避免无边界查看用户对话。,对应平台后台需求,
P3-001,p3迪丽热巴老师.md,心理咨询师/老师,2:38,目前咨询里发现较多的诊断一般是抑郁、焦虑，还有双相。,RQ1,评估信息要素与结构化采集,抑郁；焦虑；双相,常见状态,系统应覆盖焦虑、抑郁和疑似双相相关线索，但不能直接诊断。,双相等重性问题需要专业医生评估。,大学生常见问题,
P3-002,p3迪丽热巴老师.md,心理咨询师/老师,3:31,来做咨询的同学都会有主诉、主要议题、想解决的问题，会主观报告自己的心情。,RQ1,评估流程与决策节点,主诉；主要议题；求助目标；主观心情,主诉优先,系统应先识别用户主诉和求助目标，再进入结构化评估。,避免上来就量表化提问。,与 P5 互证,
P3-003,p3迪丽热巴老师.md,心理咨询师/老师,03:31-04:00,会对情绪出现的频率、强烈程度，以及对日常生活的影响做评估。,RQ1,评估信息要素与结构化采集,情绪频率；情绪强度；生活影响,情绪评估指标,系统应围绕频率、强度和生活影响评估情绪状态。,仅识别情绪名称不足以判断严重程度。,可转报告字段,
P3-004,p3迪丽热巴老师.md,心理咨询师/老师,4:00,日常生活主要指社会功能，包括学习、吃饭、睡觉、社交和日常状态。,RQ1,评估信息要素与结构化采集,社会功能；学习；吃饭；睡觉；社交；日常状态,功能损伤评估,系统应将学习、饮食、睡眠、社交和日常状态作为社会功能评估维度。,功能损伤是风险判断的重要依据。,与 P1/P2/P5 互证,
P3-005,p3迪丽热巴老师.md,?????/??,4:00,会问情绪状态出现后，吃饭、睡觉、学习、社交有没有发生变化。,RQ1,评估信息要素与结构化采集,状态前后变化；饮食变化；睡眠变化；学习影响；社交变化,变化评估,系统应追问问题出现前后状态变化，帮助判断心理状态变化幅度。,只问当前状态会缺少比较基线。,追问节点,
P3-006,p3迪丽热巴老师.md,?????/??,4:00,会问情绪出现的时间点，是之前就有还是最近发生，是否持续存在很久，还是近期事件引发。,RQ1,评估信息要素与结构化采集,出现时间；持续性；近期事件；长期共处,时间线评估,系统应追问情绪开始时间、持续时长和诱发事件。,持续时间是判断风险和建议转介的重要依据。,与 P2/P5 持续时间互证,
P3-007,p3迪丽热巴老师.md,?????/??,5:22,询问流程一般就是贴着来访走，根据他说的情况慢慢问到几个方面。,RQ2,自然语言交互的接受度与披露质量,贴着来访走；动态追问；非固定顺序,顺势追问,智能体应围绕用户已表达内容动态追问，而不是固定脚本跳转。,固定流程可能造成突兀和低披露。,对话策略核心,
P3-008,p3迪丽热巴老师.md,?????/??,5:22,如果用户说最近特别难过，会先问状态、频率、严重程度、影响、出现时间点，再问学习人际等方面。,RQ1,评估流程与决策节点,状态澄清；频率；严重程度；影响；时间点；学习人际,情绪主诉评估流程,系统可对情绪类主诉按状态、频率、严重程度、影响、时间线和功能维度追问。,情绪追问应有顺序但保持自然。,流程设计依据,
P3-009,p3迪丽热巴老师.md,?????/??,6:37,是否详细询问取决于问题影响程度或严重程度。,RQ1,评估流程与决策节点,影响程度；严重程度；详细追问,追问深度决策,系统应根据严重程度和影响程度决定追问深度。,轻微问题和高危线索不能采用同等追问深度。,追问优先级,
P3-010,p3迪丽热巴老师.md,?????/??,8:10,如果有伤害自己或他人，或者已经有行为的风险，会再做危机评估。,RQ1,危机评估与分级处置,自伤；伤害他人；风险行为；危机评估,危机筛查,系统必须覆盖自伤和伤害他人风险，并在出现行为线索时进入危机评估。,危机线索不可被普通评估流程淹没。,危机规则,
P3-011,p3迪丽热巴老师.md,?????/??,8:10,咨询里没有诊断权利，但会参考医院诊断，根据诊断和来访情况再做评估。,RQ1,评估 vs 诊断切分,无诊断权；参考医院诊断；咨询评估,诊断边界,系统输出应是评估参考和风险提示，不应替代医院诊断。,诊断权边界必须在产品文案和报告中体现。,与 P1/P5 互证,
P3-012,p3迪丽热巴老师.md,?????/??,8:10,学校初始评估会采用结构化模块，比如家庭人际关系、社会功能、以往诊断、危机评估。,RQ1,评估信息要素与结构化采集,家庭人际；社会功能；既往诊断；危机评估；结构化初评,结构化初评模块,系统报告可按家庭/人际、社会功能、既往诊断和危机评估组织。,结构化模块应服务评估，不应变成机械问卷。,报告结构依据,
P3-013,p3迪丽热巴老师.md,?????/??,10:15,量表只能反映某一时间点或情景里的主观情绪状态，不能光靠这一个。,RQ1,诊断标准与量表依据,量表局限；时间点；主观状态,量表辅助定位,系统可使用量表作为辅助，但不能只靠量表得出结论。,量表分数不能被包装成诊断。,量表策略,
P3-014,p3迪丽热巴老师.md,?????/??,10:48,评估方式可能包括量表、手册，或咨询师学习流派/风格的结构化议程。,RQ1,诊断标准与量表依据,量表；MINI；访谈手册；结构化议程,评估工具来源,知识库可纳入量表、结构化访谈手册和咨询初评议程作为参考。,专业工具需要合规使用，避免未经解释直接套用。,知识库设计,
P3-015,p3迪丽热巴老师.md,?????/??,12:29-13:51,线上一般用语音和视频，很少用文字；视频能呈现动作表情，语音有语速、声音强弱、颤抖和平静等信息，文字只能靠对方提供的信息判断。,RQ2,自然语言交互系统的挑战与约束,视频信息；语音线索；文字局限；非语言信息,媒介信息差异,文本智能体需要承认缺少动作、表情、语音等重要评估线索。,不能宣称文本对话具有完整咨询评估能力。,线上局限,
P3-016,p3迪丽热巴老师.md,?????/??,28:17:00,开场直接说换季容易疲劳、整体状态怎么样有点太早代入，可以改成有什么可以帮助你、想找我聊什么。,RQ2,自然语言交互的接受度与披露质量,开场预设；过早代入；开放式开场,开场设计,智能体开场应使用开放式提问，避免预设用户状态。,预设会误导对话方向并降低贴合度。,原型改进建议,
P3-017,p3迪丽热巴老师.md,?????/??,29:10:00,从累直接拉到身体反应，可能还是先以情绪探索为主，开放式问最近压力大吗或还有其他情绪感受吗。,RQ2,自然语言交互的接受度与披露质量,身体化跳转；情绪优先；开放式问题,追问顺序,系统应先探索情绪和压力，再结合身体反应做补充评估。,过快跳到身体症状会偏离用户主诉。,对话策略,
P3-018,p3迪丽热巴老师.md,?????/??,29:58:00,如果用户说肚子痛，应先排除器质性疾病，问是否看过医生；睡不够要澄清睡眠时间、入睡、夜醒、睡眠质量。,RQ1,评估信息要素与结构化采集,身体症状；器质性排除；就医史；睡眠质量；入睡夜醒,身体与睡眠评估,系统遇到身体症状应建议必要医学排查，并细化睡眠评估字段。,AI 不应把所有身体症状归因于心理问题。,医学边界,
P3-019,p3迪丽热巴老师.md,?????/??,32:27:00,封闭式问题会让对方只答一句；开放式提问、少预设可能让用户说得更多。,RQ2,自然语言交互的接受度与披露质量,封闭式问题；开放式提问；预设假设；披露质量,提问方式,智能体应减少过早封闭式判断，优先使用开放式澄清。,封闭式问题会降低信息量并强化错误假设。,交互体验,
P3-020,p3迪丽热巴老师.md,?????/??,32:27:00,不要直接说结合 SCL-90 某个症状，用户可能不知道是什么，会困惑，应该聚焦情绪感受。,RQ2,自然语言交互的接受度与披露质量,量表术语暴露；用户困惑；情绪聚焦,量表语言转译,系统应将量表维度转译为用户能理解的日常语言。,专业术语会增加理解负担和侵入感。,量表对话化,
P3-021,p3迪丽热巴老师.md,?????/??,34:18-36:10,情绪状态出现多久、每天大部分时间还是每周 3-4 天、是否连续两周到一个月，以及痛苦程度和生活影响，都用于判断是否建议专业咨询或精神科。,RQ1,评估信息要素与结构化采集,持续时间；频率；两周阈值；痛苦评分；生活影响；转介建议,转介判断指标,系统应采集持续时间、频率、痛苦评分和生活影响，用于判断是否建议专业咨询或精神科。,转介建议应基于多指标，而非单一情绪词。,关键阈值,
P3-022,p3迪丽热巴老师.md,?????/??,36:49:00,AI 咨询师也可以贴合用户内容问情绪，再问程度、出现时间频率、生活和社会功能影响，再给建议或安慰。,RQ2,自然语言交互的接受度与披露质量,贴合内容；情绪评估；程度频率；功能影响；安慰建议,AI 对话流程,智能体可按用户内容、情绪、程度、时间频率、功能影响、支持建议的顺序组织对话。,建议需保持支持性，不能替代专业治疗。,智能体流程建议,
P4-001,P4牛老师.md,心理咨询师/老师,6:03,抑郁状态倾向蛮多，心理困扰在人际、学习方面比较多。,RQ1,评估信息要素与结构化采集,抑郁倾向；人际困扰；学习困扰,大学生常见议题,系统应覆盖抑郁倾向、人际问题和学习问题等高校常见主诉。,不能只按疾病分类，也要覆盖心理困扰和校园议题。,场景议题,
P4-002,P4牛老师.md,心理咨询师/老师,6:53,初始访谈会收集人际、自我评价、家庭、学习、未来规划、睡眠、身体情况等维度。,RQ1,评估信息要素与结构化采集,人际；自我评价；家庭；学习；未来规划；睡眠；身体情况,初始评估字段,系统初评应覆盖人际、自我评价、家庭、学习、规划、睡眠和身体状态。,字段采集需自然嵌入对话。,与其他专家互证,
P4-003,P4牛老师.md,心理咨询师/老师,7:29,高校里面宿舍关系是重要方面。,RQ1,评估信息要素与结构化采集,宿舍关系；校园人际,高校特定因素,系统应加入宿舍关系等大学生特有生活场景。,遗漏宿舍关系会降低校园场景适配度。,大学生特色,
P4-004,P4牛老师.md,心理咨询师/老师,08:07-10:18,首先是咨询目标，为什么这个时候来咨询；会关心学业成绩、人际关系、睡眠情况、家庭情况，但没有清单式顺序。,RQ1,评估流程与决策节点,咨询目标；来访时机；学业；人际；睡眠；家庭；非清单式,目标驱动评估,系统应以用户咨询目标和当前困扰为入口，再逐步覆盖必要评估字段。,不能表现为机械清单问诊。,流程设计,
P4-005,P4牛老师.md,心理咨询师/老师,9:50,会根据来访当时的情绪状态、问题复杂程度、严重程度、急迫情况来决定重点。,RQ1,评估流程与决策节点,情绪状态；复杂程度；严重程度；急迫性,追问优先级,系统应根据严重性和急迫性动态调整追问重点。,高急迫性问题应优先进入风险流程。,动态工作流,
P4-006,P4牛老师.md,心理咨询师/老师,10:51,咨询通常不是一问一答，而是共情后顺着他说的内容再问相关信息。,RQ2,自然语言交互的接受度与披露质量,非问答式；共情；顺势追问；信息收集,共情式追问,智能体应先共情和理解，再顺着用户内容补充追问。,过多一问一答会降低咨询感和披露质量。,对话策略,
P4-007,P4牛老师.md,心理咨询师/老师,11:54,不清楚或没理解时会深入问；内容与一般逻辑不一致时也会多问。,RQ1,自然语言交互的接受度与披露质量,澄清；逻辑不一致；深入追问,澄清触发,系统应对模糊表达和逻辑不一致内容进行澄清。,异常内容可能包含精神病性线索或误解，不能直接跳过。,NLU 需求,
P4-008,P4牛老师.md,心理咨询师/老师,14:31,如果信息已能理解且与核心咨询问题或求助目标联系不大，就会一笔带过。,RQ1,评估流程与决策节点,信息相关性；核心问题；求助目标；略过,追问边界,系统应避免无限追问与核心问题无关的信息。,过度追问可能造成侵犯感和对话疲劳。,追问控制,
P4-009,P4牛老师.md,心理咨询师/老师,15:26,心理咨询里说的是评估，诊断是医学的。,RQ1,评估 vs 诊断切分,评估；诊断；医学边界,术语边界,系统应使用评估、提示、建议等措辞，避免诊断。,诊断表述属于医学边界，需谨慎。,合规措辞,
P4-010,P4牛老师.md,心理咨询师/老师,15:26-17:12,评估包括关于病的方面，也包括为什么会出现困扰、为何卡住无法解决的个案概念化理解。,RQ1,评估信息要素与结构化采集,症状评估；个案概念化；困扰成因；问题维持,双层评估,系统除了症状信息，也应整理可能的困扰成因和维持因素。,AI 对成因解释应谨慎，避免过度心理化。,报告结构,
P4-011,P4牛老师.md,心理咨询师/老师,16:03,病的方面会收集认知、情绪、行为、生理、睡眠等信息，并做鉴别诊断。,RQ1,评估信息要素与结构化采集,认知；情绪；行为；生理；睡眠；鉴别诊断,症状维度,系统应覆盖认知、情绪、行为、生理和睡眠等多维度信息。,鉴别诊断应交由专业人员，系统只能辅助提示。,评估字段,
P4-012,P4牛老师.md,心理咨询师/老师,18:40,高校背景下首要是保证安全，先评估有没有生命危险。,RQ1,危机评估与分级处置,高校安全；生命危险；安全优先,安全优先原则,系统在高校场景下应把生命安全和危机识别放在最高优先级。,安全风险优先于一般体验和量表完整性。,危机原则,
P4-013,P4牛老师.md,心理咨询师/老师,18:40-19:22,有立即即刻风险时不会让他走，会联系辅导员并上报更高领导。,RQ1,危机评估与分级处置,即刻风险；不放任离开；联系辅导员；上报,高危处置,系统识别即刻风险时应触发校内人工介入、辅导员/心理中心联动和紧急处理。,AI 不可独自处理即刻自杀风险。,高校闭环,
P4-014,P4牛老师.md,心理咨询师/老师,19:22,有自杀风险但无即刻风险时，会讨论突破保密例外，并继续观察变化。,RQ1,危机评估与分级处置,非即刻自杀风险；保密例外；持续观察,中危处置,系统应区分即刻风险和非即刻风险，并提示保密例外与持续观察机制。,涉及保密突破必须有明确规则和人工确认。,危机分层,
P4-015,P4牛老师.md,心理咨询师/老师,19:22-20:38,问题严重但没有自杀伤人风险时，可能需要长期咨询；相对简单问题可通过短程咨询解决。,RQ1,评估流程与决策节点,长期咨询；短程咨询；严重复杂问题；简单问题,服务匹配,系统可根据问题复杂性和风险程度建议长期咨询、短程支持或自助资源。,不能把复杂问题简化为几条建议。,分流规则,
P4-016,P4牛老师.md,心理咨询师/老师,22:00,最好能开摄像头通过语音进行；文字打字咨询效率很低。,RQ2,自然语言交互系统的挑战与约束,视频语音；文字效率低；露脸意愿,媒介限制,文本智能体应定位为辅助筛查和陪伴，不宜替代高质量咨询。,文字交互效率和信息量有限。,线上局限,
P4-017,P4牛老师.md,心理咨询师/老师,23:01,面对面咨询最精准；在线即使开视频也看不到整体动作表情，只能看到一张脸，会少收集信息。,RQ2,自然语言交互系统的挑战与约束,面对面最精准；整体动作缺失；面部局限；信息减少,线上评估局限,系统报告需标明基于有限信息，必要时建议线下评估。,线上/AI 评估不应过度自信。,与 P2/P5 互证,
P4-018,P4牛老师.md,心理咨询师/老师,26:29:00,作为来访者感觉 AI 味太浓，显示正在搜索知识库、搜索完毕等很冰冷。,RQ2,自然语言交互的接受度与披露质量,AI 味；搜索提示；冰冷感；沉浸破坏,界面反馈体验,用户端不应暴露检索过程和技术状态，应保持支持性对话体验。,技术提示会降低信任和亲近感。,原型 UI 改进,
P4-019,P4牛老师.md,心理咨询师/老师,27:26-28:07,一部分人需要短平快建议，但还有人更想被理解，而不是被教办法。,RQ2,自然语言交互的接受度与披露质量,短平快建议；被理解需求；过早给方案,回应模式差异,系统应先识别用户需要倾诉还是需要建议，再选择回应策略。,过早给方案可能让用户感到不被理解。,个性化回应,
P4-020,P4牛老师.md,心理咨询师/老师,28:07:00,最初十分钟二十分钟不要出下边选项，而是 AI 试着理解来访说的内容。,RQ2,自然语言交互的接受度与披露质量,初期倾听；选项过早；理解优先,初期对话策略,智能体初期应以理解、共情、澄清为主，减少过早菜单式建议。,菜单式选项会破坏倾诉体验。,工作流阶段,
P4-021,P4牛老师.md,心理咨询师/老师,31:08:00,如果要问多道程序化问题，不如直接告诉用户先做一个量表，让用户知道为什么做。,RQ2,自然语言交互的接受度与披露质量,程序化问题；评估告知；量表透明；知情同意,评估透明度,系统进入结构化评估前应告知目的、方式和原因。,未告知的程序化问题会导致烦躁或放弃。,与 P5 互证,
P4-022,P4牛老师.md,心理咨询师/老师,31:08:00,上来程序化问很多题，来访者可能觉得 AI 低级或烦躁，很快放弃。,RQ2,自然语言交互的接受度与披露质量,程序化过强；放弃风险；烦躁；低级 AI 感,流失风险,系统应控制初期结构化问题数量，并用自然语言衔接。,过度问卷化会影响完成率和数据质量。,体验风险,
P5-001,p5蔡老师.md,心理咨询师/老师,1:15,高校咨询中情绪问题如焦虑、抑郁较多，人际关系、亲密关系、学业困难、退学休学、升学就业、家庭关系也常见。,RQ1,评估信息要素与结构化采集,焦虑；抑郁；人际关系；亲密关系；学业困难；升学就业；家庭关系,大学生常见议题,系统面向大学生时应覆盖情绪、人际、学业、发展规划和家庭关系等常见主诉。,不能只围绕焦虑抑郁设计，需支持校园情境下的多类议题。,大学生场景需求,
P5-002,p5蔡老师.md,心理咨询师/老师,2:26,作为学校工作人员，可以看到学生在系统里的学院、年龄、性别、专业等基本信息。,RQ1,评估信息要素与结构化采集,学院；年龄；性别；专业；学校系统数据,学校基础数据,系统可利用学校已有基础信息减少重复询问，并补充访谈中的动态状态。,使用学校数据必须处理权限、授权和隐私边界。,可支撑平台数据字段,
P5-003,p5蔡老师.md,心理咨询师/老师,3:08,初次评估会了解主诉，以及最近心理状态，从情感、认知和行为做评估。,RQ1,评估流程与决策节点,主诉；心理状态；情感；认知；行为,初评框架,系统应围绕主诉、情感、认知、行为四个方面组织初步评估。,不能只收集情绪强度，需要覆盖认知和行为表现。,适合报告结构,
P5-004,p5蔡老师.md,心理咨询师/老师,3:08,还伴随着精神状态类评估，比如思维过程、情绪状态、互动中呈现的心智化水平。,RQ1,评估信息要素与结构化采集,精神状态评估；思维过程；情绪状态；心智化水平,精神状态线索,系统可记录用户表达的连贯性、情绪表达和互动特征，作为辅助评估线索。,AI 不应独立诊断精神状态，只能提示需专业复核。,偏专业，后续可弱化为报告观察项,
P5-005,p5蔡老师.md,心理咨询师/老师,3:08,危机评估必不可少：会不会想要伤害自己、伤害别人，是只有想法，还是有具体计划，或者已经做过尝试。,RQ1,危机评估与分级处置,自伤；伤害他人；想法；具体计划；既往尝试,危机评估核心字段,系统必须区分危机想法、具体计划和既往尝试，并覆盖自伤和伤人风险。,危机识别不能只看自杀关键词，也要关注伤害他人风险。,危机规则核心证据,
P5-006,p5蔡老师.md,心理咨询师/老师,3:08,还会了解应对困扰时使用的策略，以及周围的人际支持、社会支持、家人关系、朋友关系和亲密关系。,RQ1,评估信息要素与结构化采集,应对策略；人际支持；社会支持；家庭关系；朋友关系；亲密关系,保护性因素与支持系统,系统应评估用户已有支持资源和应对方式，用于判断风险缓冲和后续建议。,不能只评估问题严重性，也要评估保护性因素。,可用于报告建议部分,
P5-007,p5蔡老师.md,心理咨询师/老师,04:42-05:44,个人工作中通常不会在还没沟通的情况下直接问问卷；机械地按 SCL-90 九十个问题询问会让咨询体验很糟糕，很有人机感。,RQ2,自然语言交互的接受度与披露质量,量表机械化；SCL-90；人机感；未沟通先问卷,量表使用时机,系统不应上来直接机械化询问长量表，应先建立对话背景和用户主诉。,突兀量表会降低披露意愿，影响用户体验。,和 P2 形成互证,
P5-008,p5蔡老师.md,心理咨询师/老师,5:44,先问主诉：为什么来到这里，想要改变的东西是什么；如果说焦虑，要具体澄清是情绪、睡前想法、身体不舒服等。,RQ1,评估流程与决策节点,主诉优先；改变目标；焦虑澄清；具体化,主诉澄清流程,系统应先询问用户来访原因和希望改变的目标，再对主诉进行具体化澄清。,避免只按预设量表走，应响应用户实际叙述。,可用于首轮提示词,
P5-009,p5蔡老师.md,心理咨询师/老师,6:30,一定会问主诉，对情绪、认知、行为做评估，评估完做危机评估，再确认咨询目标和方向。,RQ1,评估流程与决策节点,主诉；情绪认知行为；危机评估；目标方向,标准化初评流程,系统初评流程可设计为主诉识别、情绪认知行为评估、危机筛查、目标确认。,危机评估应是固定节点，不可因用户未主动提及而省略。,工作流设计依据,
P5-010,p5蔡老师.md,心理咨询师/老师,07:15-07:45,重要问题要展开，主诉一定详细问；危机、自杀评估一定要做清楚，涉及咨询师伦理需要汇报。,RQ1,危机评估与分级处置,重要问题展开；主诉详问；自杀评估；伦理汇报,伦理驱动追问,系统对主诉和危机线索应进行充分追问，并在高风险时触发汇报或人工介入机制。,危机场景存在伦理责任，不能仅由 AI 自动处理。,伦理合规依据,
P5-011,p5蔡老师.md,心理咨询师/老师,7:45,如果线上评估到有危机，比如之前吞药自杀，现在还在线上咨询，线上不一定能直接提供支持，会转成线下咨询。,RQ2,危机评估与分级处置,线上危机；既往吞药；线下转介；支持不足,线上危机转线下,系统识别高危或既往自杀尝试后，应建议线下咨询、校内介入或医疗资源，而不是继续线上自助。,线上 AI 对高危个体支持能力有限。,危机分流依据,
P5-012,p5蔡老师.md,心理咨询师/老师,09:03-11:04,精神状态评估需要看言语信息、思维过程、认知、情感和行为；非言语信息也是评估中最重要的一部分。,RQ1,评估信息要素与结构化采集,言语信息；思维过程；认知；情感；行为；非言语信息,精神状态评估维度,系统可利用文本中的言语信息做初步分析，但应承认缺少非言语信息。,仅凭文本对精神状态判断有限，需要谨慎输出。,连接 RQ1/RQ2,
P5-013,p5蔡老师.md,心理咨询师/老师,10:23,如果叙述中出现妄想、幻觉等奇怪部分，需要进一步澄清。,RQ1,危机评估与分级处置,妄想；幻觉；异常叙述；进一步澄清,精神病性线索,系统应识别疑似妄想、幻觉等线索，并触发澄清和专业转介建议。,不能解释或强化妄想内容。,精神病性风险规则,
P5-014,p5蔡老师.md,心理咨询师/老师,11:04,评估行为包括焦虑时如何应对、是否有重复性强迫行为、是否有伤害自己的行为。,RQ1,评估信息要素与结构化采集,应对行为；强迫行为；自伤行为,行为评估,系统应询问用户的应对行为、重复行为和自伤行为，用于补充情绪/认知评估。,高风险行为必须进入风险流程。,报告行为维度,
P5-015,p5蔡老师.md,心理咨询师/老师,12:39-13:29,学校系统通常会以两个部分划分：危机程度和症状严重性；危机通常分成三个等级。,RQ1,危机评估与分级处置,危机程度；症状严重性；三级危机,风险分级框架,系统报告应区分危机等级和症状严重程度两个维度。,危机等级不能被普通症状评分替代。,主题文档重要证据,
P5-016,p5蔡老师.md,心理咨询师/老师,13:29-13:51,没有想自杀但抑郁已经让他无法洗澡、蓬头垢面、翘课太多，也会根据症状程度和类型考虑就医。,RQ1,评估信息要素与结构化采集,功能严重受损；生活自理受损；翘课；就医建议,功能损伤与就医,系统应将生活自理、上课出勤等功能损伤作为严重程度判断依据。,无自杀风险也可能需要专业就医。,补充 P1/P2 的社会功能,
P5-017,p5蔡老师.md,心理咨询师/老师,14:55-16:33,视频咨询是最低限度；文字和语音缺少很多非言语以及答案生成过程的信息，只适合结构化、流程化评估。,RQ2,自然语言交互系统的挑战与约束,视频最低限度；文字局限；语音局限；非言语缺失；结构化评估,媒介限制,文本智能体更适合结构化筛查和辅助评估，不适合宣称完整咨询或诊断。,文本缺少大量临床判断线索，报告需保守。,系统定位依据,
P5-018,p5蔡老师.md,心理咨询师/老师,18:40-19:17,线上评估比线下模糊很多，需要更长互动时间才能得出更具体结论；线下第一次 60 分，线上可能第三次才能达到。,RQ2,自然语言交互系统的挑战与约束,线上评估模糊；互动时间更长；结论延迟,评估可信度限制,系统应将单轮对话结果视为初步筛查，必要时通过多轮追踪提高可靠性。,单次 AI 对话不应输出过强结论。,报告置信度依据,
P5-019,p5蔡老师.md,心理咨询师/老师,19:17,如果听到具体抑郁焦虑特征或倾向，会建议去就医，因为就医可以获得更明确诊断。,RQ1,评估 vs 诊断切分,抑郁焦虑特征；就医建议；明确诊断,诊断转介,系统识别明显抑郁/焦虑特征时，应建议专业评估或就医，而不是自行诊断。,诊断权应交给医生或专业机构。,与 P1 互证,
P5-020,p5蔡老师.md,心理咨询师/老师,20:33-22:36,智能体直接进入评估，没有告知为什么问、还有多少问题；用对话收集 SCL-90 数据可能不准确，过程有点侵入性。,RQ2,自然语言交互的接受度与披露质量,未告知评估目的；直接评估；SCL-90 对话化；侵入性；准确性疑问,评估透明度,系统在进入评估前应告知目的、预计耗时、问题数量和结果用途。,未告知直接评估会造成侵入感，也影响知情同意。,交互流程改进,
P5-021,p5蔡老师.md,心理咨询师/老师,23:11,如果用户提到抑郁，此时引入 PHQ-9 这种 9 个问题的抑郁量表还能接受；上来就是 SCL-90 太长。,RQ2,自然语言交互的接受度与披露质量,PHQ-9；SCL-90 太长；按主诉选择量表,量表选择策略,系统应根据主诉选择短量表或局部量表，而不是默认上来完整 SCL-90。,长量表会造成疲劳和退出，影响数据质量。,量表策略依据,
P6-001,P6唐老师.md,心理咨询师/老师,01:05-01:21,更多的是情绪困扰，包括人际关系、亲密关系、恋爱对象、原生家庭关系处理问题。,RQ1,评估信息要素与结构化采集,情绪困扰；人际关系；亲密关系；恋爱；原生家庭,大学生常见议题,系统应覆盖人际、亲密关系和原生家庭等情绪困扰来源。,不能只围绕症状名设计对话。,场景议题,
P6-002,P6唐老师.md,心理咨询师/老师,2:47,学校工作包括集中筛查和学生要做的量表，也包括学生主动预约的一对一访谈会谈。,RQ1,诊断标准与量表依据,集中筛查；量表；主动预约；一对一访谈,学校评估入口,系统可区分普筛量表、主动求助和个体访谈三类入口。,不同入口的知情同意和报告对象应区分。,平台流程,
P6-003,P6唐老师.md,心理咨询师/老师,3:36,第一次会谈会比较开放，让学生自由言说，再帮助学生梳理或探索。,RQ1,评估流程与决策节点,开放式首访；自由言说；梳理；探索,开放式评估,智能体初期应给用户足够表达空间，再进行结构化梳理。,直接问卷化会削弱咨询体验。,与 P4/P5 互证,
P6-004,P6唐老师.md,心理咨询师/老师,4:46,拒绝完全封闭的结构化方式，至少是半开放甚至开放的程度。,RQ2,自然语言交互的接受度与披露质量,拒绝封闭结构；半开放；开放式提问,开放式交互,系统应避免完全封闭式问答，保留开放表达和自由输入。,过度结构化会限制用户表达。,交互设计,
P6-005,P6唐老师.md,心理咨询师/老师,4:46,第一次见学生会问是什么让你想到要来做咨询；若学生有表达方式，会把自由言说更多让渡给他。,RQ1,评估流程与决策节点,来访原因；开场问题；表达欲；自由言说,开场策略,系统开场可询问来访原因，并根据用户表达意愿调整追问强度。,不要打断有表达需求的用户。,首轮对话,
P6-006,P6唐老师.md,心理咨询师/老师,5:45,除非某些点与主诉相关性大但被略过，或我理解有疑问，才会额外澄清。,RQ1,自然语言交互的接受度与披露质量,主诉相关；被略过线索；理解疑问；澄清,澄清触发,系统应对与主诉高度相关但被轻描淡写的线索进行澄清。,无关追问会干扰对话，关键遗漏又会影响评估。,追问边界,
P6-007,P6唐老师.md,心理咨询师/老师,6:28,高校很少用诊断，基本使用评估；首访前一到三次甚至前四次都是评估环节。,RQ1,评估 vs 诊断切分,评估；非诊断；多次评估；首访阶段,诊断边界与评估周期,系统输出应强调评估而非诊断，并支持多轮持续评估。,单轮对话不能替代专业评估周期。,合规边界,
P6-008,P6唐老师.md,心理咨询师/老师,6:28,没有达到严重到需要转介送医，或危机干预程度，就可以留下来继续工作。,RQ1,危机评估与分级处置,转介送医；危机干预；继续工作,分流判断,系统需要区分可继续支持、需转介送医、需危机干预三类状态。,危机场景必须转人工或资源闭环。,工作流分支,
P6-009,P6唐老师.md,心理咨询师/老师,7:28,常用量表包括 SAS、SDS、SCL-90，必要时做明尼苏达量表，也会根据需要征得学生同意做自评量表。,RQ1,诊断标准与量表依据,SAS；SDS；SCL-90；MMPI；知情同意；自评量表,量表选择与授权,系统引入量表前应说明量表用途并取得用户同意。,量表使用涉及知情同意和结果解释风险。,量表设计,
P6-010,P6唐老师.md,心理咨询师/老师,08:35-09:00,线上问诊更结构化，流程限制更多，会让来访觉得受限或不舒服。,RQ2,自然语言交互的接受度与披露质量,线上结构化；流程限制；不舒服；表达受限,线上流程体验,系统需要在结构化评估和用户自由表达之间保持平衡。,过强流程会影响披露质量。,体验风险,
P6-011,P6唐老师.md,心理咨询师/老师,9:50,线上第一次交互大部分是文字，百分之六七十用户都是文字触达；语音比文字更有效率也更真实。,RQ2,自然语言交互系统的挑战与约束,文字触达；语音效率；真实感；沟通方式约定,媒介适配,系统应承认文字入口常见，同时为后续转语音/人工提供路径。,文字入口不能等同完整咨询。,产品入口设计,
P6-012,P6唐老师.md,心理咨询师/老师,11:08,线上评估相比线下一手直观观察，准确率相上下，但需要的小节数更长；职业数据中大概 70% 以上。,RQ2,自然语言交互系统的挑战与约束,线上评估；线下观察；小节数更长；准确率 70%,评估周期与置信度,系统应通过多轮对话和持续观察提高评估可靠性。,单次短对话结论应保持保守。,置信度依据,
P6-013,P6唐老师.md,心理咨询师/老师,12:07,智能体反应太慢，一句话丢过去后组织时间太长。,RQ2,自然语言交互的接受度与披露质量,响应慢；等待时间长,响应效率,智能体需要优化响应速度，尤其在情绪支持场景中减少等待。,长等待会中断情绪表达和求助动机。,原型体验,
P6-014,P6唐老师.md,心理咨询师/老师,12:07,每个回复都会附带三个链接，但链接定位不太精准。,RQ2,危机评估与分级处置,链接推荐；资源定位不准；附带过多,资源推荐质量,系统资源推荐应少而准，按用户议题和风险等级匹配。,不精准资源会降低信任，危机场景尤其危险。,资源库设计,
P6-015,P6唐老师.md,心理咨询师/老师,12:07,共情不能说完全没有，但还是比较单薄。,RQ2,自然语言交互的接受度与披露质量,共情单薄；支持不足,共情质量,智能体回应需要增强共情、反映和情绪承接，而非只给信息或链接。,共情不足会削弱陪伴和支持效果。,提示词优化,
S1-001,S1.md,精神科医生/医生,03:17-03:29,焦虑和抑郁较多，一般处在中重度，轻中度更多，中重度也不少。,RQ1,评估信息要素与结构化采集,焦虑；抑郁；中重度；轻中度,常见诊断与严重程度,系统应能识别焦虑、抑郁相关表达，并记录严重程度线索。,严重程度不能由 AI 单独诊断，应提示专业评估。,医生视角,
S1-002,S1.md,精神科医生/医生,4:43,大学生群体中有性取向疑惑或困扰，也有自伤情况。,RQ1,评估信息要素与结构化采集,性取向困扰；自伤；大学生特殊场景,大学生特定议题,系统应支持大学生性取向困扰、自我认同和自伤风险相关表达。,性取向困扰不应病理化，需避免污名化。,场景补充,
S1-003,S1.md,精神科医生/医生,5:30,这类问题一般不做诊断，还是推到心理治疗，在心理治疗过程中详细了解并给予解释。,RQ1,评估 vs 诊断切分,不做诊断；心理治疗；详细了解；解释,诊断边界,系统对身份/关系困扰应避免诊断化，更多提供理解、支持和转介。,避免把非疾病问题错误归为病理。,边界证据,
S1-004,S1.md,精神科医生/医生,6:08,先了解主要问题或最想解决的问题，再了解基本情况，并对诉求问题做重点了解。,RQ1,评估流程与决策节点,主要问题；求助目标；基本情况；重点了解,初步流程,系统应先识别用户最想解决的问题，再进行基本信息和重点问题采集。,避免一上来全量问诊。,流程依据,
S1-005,S1.md,精神科医生/医生,07:42-08:54,在母亲面前只说睡不好、情绪不好，单独谈后才说交友和同性恋困扰；后续了解学校环境、成长状态、父母管教方式，并让其举具体场景。,RQ1,自然语言交互的接受度与披露质量,陪同影响；隐私表达；单独访谈；具体场景；父母管教,披露环境与具体化,系统应考虑用户是否处于安全、私密环境，并鼓励通过具体事件描述困扰。,旁人在场会影响敏感信息披露。,隐私场景,
S1-006,S1.md,精神科医生/医生,10:12,门诊面对面谈话后按 ICD-10 要求做状态学诊断；如需用药，半个月后再确定疾病学诊断。,RQ1,诊断标准与量表依据,ICD-10；状态学诊断；疾病学诊断；用药观察,医学诊断流程,系统应区分初步状态评估和正式疾病诊断，后者需医生和时间观察。,AI 不应输出疾病学诊断。,医学边界,
S1-007,S1.md,精神科医生/医生,11:12,诊断包括焦虑状态、焦虑抑郁状态、轻中重度抑郁发作，伴或不伴精神症状，还有失眠症。,RQ1,诊断标准与量表依据,焦虑状态；焦虑抑郁状态；抑郁发作；精神症状；失眠症,诊断分类,知识库可参考常见诊断分类，但系统输出应以风险提示和建议为主。,诊断分类需专业医生确认。,报告术语谨慎,
S1-008,S1.md,医生/原型体验,14:16-21:39,智能体回答同事相处和自伤情绪处理时较专业，能给予有效帮助。,RQ2,自然语言交互的接受度与披露质量,人际建议；自伤情绪处理；有效帮助,原型有效点,系统可保留对常见人际和情绪支持问题的支持性回应。,有效建议仍不能替代专业危机干预。,正向反馈,
S1-009,S1.md,医生/原型体验,21:19,整体感觉和网上搜集资料没有太大区别。,RQ2,自然语言交互的接受度与披露质量,资料检索感；差异化不足,工具价值感,系统需要体现对话式评估和个性化支持价值，而不只是资料搜索。,若像搜索引擎，用户信任和使用价值会下降。,体验问题,
S1-010,S1.md,医生/原型体验,22:34,询问抑郁症诊断标准时没有回答；这涉及心理咨询和精神科专业问题的界定。,RQ2,工具定位与边界,诊断标准；未回答；心理咨询与精神科界定,专业边界处理,系统应对诊断标准类问题给出边界说明并建议咨询专业医生。,不能随意提供诊断结论，但也不能无响应。,边界问答,
S2-001,S2.md,精神科医生/医生,08:45-09:00,大学生来院主要是焦虑抑郁，中度较多，通常需要服药治疗。,RQ1,诊断标准与量表依据,焦虑；抑郁；中度；服药治疗,门诊严重程度,系统识别中重度线索时应建议专业就医或药物评估。,AI 不可建议具体用药。,医生视角,
S2-002,S2.md,精神科医生/医生,09:26-09:55,一般通过精神检查了解，也会聊个人史，包括家庭情况和压力。,RQ1,评估信息要素与结构化采集,精神检查；个人史；家庭情况；压力,病史采集,系统评估字段应包含个人史、家庭情况和压力来源。,精神检查只能由专业人员完成，AI 只能提示线索。,字段补充,
S2-003,S2.md,精神科医生/医生,10:24,刚入学阶段可能出现适应问题。,RQ1,评估信息要素与结构化采集,入学适应；阶段性压力,大学生阶段议题,系统应识别入学适应问题等大学生阶段性困扰。,适应问题不应直接疾病化。,场景补充,
S2-004,S2.md,精神科医生/医生,10:53,根据精神检查问出哪些症状，综合症之后鉴别排除诊断，最后得到诊断。,RQ1,诊断标准与量表依据,精神检查；症状群；鉴别诊断；排除诊断,医学诊断流程,系统应保留“疑似/建议进一步评估”而非直接诊断，鉴别诊断需专业医生。,避免越权诊断。,诊断边界,
S2-005,S2.md,精神科医生/医生,11:27,先让患者说来就诊希望获得哪些帮助，再根据其描述往情绪、焦虑抑郁标准、躁狂标准和精神病性症状问。,RQ1,评估流程与决策节点,求助目标；情绪；焦虑抑郁；躁狂；精神病性症状,问诊顺序,系统可先问求助目标，再逐步筛查情绪、躁狂和精神病性线索。,精神病性筛查应谨慎，必要时转专业评估。,流程依据,
S2-006,S2.md,精神科医生/医生,12:14-12:52,门诊时间短，大致估摸；住院后查房会详细了解，轻症看压力，重性病更关注精神症状和思维逻辑。,RQ1,评估流程与决策节点,门诊简评；住院详评；轻症压力；重性精神症状；思维逻辑,评估深度分层,系统应根据风险和严重性调整评估深度，并支持人工后续详评。,单轮评估只能粗筛。,多阶段评估,
S2-007,S2.md,精神科医生/医生,13:31,抑郁、精分、双相都根据 ICD-10 诊断标准。,RQ1,诊断标准与量表依据,ICD-10；抑郁；精神分裂；双相,标准依据,知识库可纳入 ICD-10/ICD-11/DSM 作为参考，但输出不能诊断。,诊断标准解释需谨慎。,标准来源,
S2-008,S2.md,精神科医生/医生,14:12,抑郁可分轻中重，精分或双相属于重性。,RQ1,危机评估与分级处置,轻中重；重性精神障碍；双相；精分,严重程度分类,系统报告应区分普通症状严重度与重性精神障碍风险。,疑似重性精神障碍应建议精神科就诊。,分级依据,
S2-009,S2.md,线上问诊经历,16:20,线上问诊诊断一半对一半不对，后来线下医院诊断包含更多内容。,RQ2,自然语言交互系统的挑战与约束,线上误差；线下补充；诊断不完整,线上评估局限,系统应提示线上/AI 评估可能不完整，必要时线下就医。,不可过度相信线上结论。,局限说明,
S2-010,S2.md,原型体验,17:50,智能体想做诊断，完全忽略情绪，直接问睡眠等病的方面，让人不舒服。,RQ2,自然语言交互的接受度与披露质量,诊断化；忽略情绪；直接问病；不舒服,诊断化体验,智能体应先回应用户情绪和主诉，再逐步评估，不应让用户感到被诊断。,过度诊断化会降低信任和披露。,原型问题,
S2-011,S2.md,原型体验,18:55,回答会或不会时，系统反复问针对哪部分回答，必须重复说明。,RQ2,自然语言交互的接受度与披露质量,是否回答识别失败；重复确认；上下文断裂,回答理解,系统需要识别会/不会与上文问题的对应关系，保持上下文。,重复确认会造成挫败感。,NLU 问题,
S2-012,S2.md,原型体验,20:24,按选项走也没有改善，仍明显在问病，忽略个人感受。,RQ2,自然语言交互的接受度与披露质量,选项体验差；问病导向；个人感受被忽略,选项策略,选项应服务用户表达，不应强行把对话拉向诊断字段。,选项可能造成路径依赖和用户不适。,交互设计,
S3-001,S3.md,精神科医生/医生,35:03-35:12,来诊大学生以抑郁和焦虑为主，轻中度较多，也有重度。,RQ1,诊断标准与量表依据,抑郁；焦虑；轻中度；重度,常见状态,系统应覆盖焦虑抑郁，并记录严重程度线索。,严重程度需专业评估确认。,医生视角,
S3-002,S3.md,精神科医生/医生,35:37-35:57,通过问诊和量表测评综合评估，了解病史、成因、发展过程、成长经历、个人史、家庭关系和依恋关系。,RQ1,评估信息要素与结构化采集,问诊；量表；病史；成因；发展过程；成长经历；家庭关系；依恋,综合评估字段,系统报告应记录病史发展、成长经历、家庭关系等背景线索。,对成因解释需谨慎，避免过度推断。,字段补充,
S3-003,S3.md,精神科医生/医生,37:20:00,大学生问题常与人际、家庭父母关系、亲密感情、学习压力相关。,RQ1,评估信息要素与结构化采集,人际；家庭父母；亲密关系；学习压力,大学生议题,系统应覆盖大学生人际、家庭、感情和学习压力。,不应只按症状问诊。,场景补充,
S3-004,S3.md,精神科医生/医生,38:23:00,门诊用 ICD-10 诊断体系，先询问病史，形成症状综合征评估，再收集量表，形成初步诊断和治疗方案，并做心理教育。,RQ1,诊断标准与量表依据,ICD-10；病史；症状群；量表；初步诊断；治疗方案；心理教育,医学诊疗流程,系统可辅助整理病史和症状群，但诊断和治疗方案需医生完成。,AI 不应给治疗方案或诊断。,诊疗边界,
S3-005,S3.md,精神科医生/医生,39:18:00,先从当前困扰入手，搜集症状，从症状构建症状群。,RQ1,评估流程与决策节点,当前困扰；症状搜集；症状群,主诉到症状群,系统应先识别当前困扰，再整理相关症状线索。,不要跳过用户主诉直接量表。,流程依据,
S3-006,S3.md,精神科医生/医生,39:55:00,心情不好很宽泛，需要具体化，区分情绪低落、高兴不起来、烦躁、担心等。,RQ1,自然语言交互的接受度与披露质量,心情不好；具体化；情绪低落；烦躁；担心,症状具体化,系统应对宽泛情绪词进行具体化追问。,模糊情绪不能直接映射诊断。,追问策略,
S3-007,S3.md,精神科医生/医生,40:59:00,以抑郁为例，要满足核心症状群、认知症状群、躯体症状群，病程标准和严重程度标准后形成诊断。,RQ1,诊断标准与量表依据,核心症状群；认知症状；躯体症状；病程；严重程度,诊断条件,系统可提示需要关注症状群、病程和严重程度，但不能据此自行诊断。,诊断需专业体系和医生判断。,标准依据,
S3-008,S3.md,精神科医生/医生,41:55:00,需根据症状群和严重程度鉴别，区分哪个症状为主、哪个最先出现。,RQ1,诊断标准与量表依据,症状群；严重程度；主症状；首发症状；鉴别,鉴别诊断信息,系统应采集首发症状、主导困扰和症状发展顺序。,鉴别诊断不能由 AI 完成。,字段补充,
S3-009,S3.md,线上问诊,43:18-45:22,线上问诊较少，多作为复诊补充；文字为主，视频稍好，但仍依赖配合程度且镜头信息有限。,RQ2,自然语言交互系统的挑战与约束,复诊补充；文字问诊；视频更好；镜头局限；配合程度,线上局限,AI/线上系统更适合作为补充和筛查，不应替代线下诊断。,线上评估置信度需保守。,局限说明,
S3-010,S3.md,原型体验,59:44:00,软件会重复问已经回答过的问题，显得死板，不智能。,RQ2,自然语言交互的接受度与披露质量,重复提问；死板；不智能,对话记忆,系统需要记住已回答内容，避免重复确认。,重复问题会降低用户耐心和信任。,原型问题,
S3-011,S3.md,原型体验,59:44:00,回答没有时，系统不确定具体指哪个内容，必须按它逻辑回答，识别率低。,RQ2,自然语言交互的接受度与披露质量,否定词识别；上下文关联；固定逻辑；识别率低,语义理解,系统必须正确解析否定回答和上文指代。,识别错误会影响评估准确性。,NLU 问题,
S3-012,S3.md,原型体验,1:00:33,问题像跟着 SCL-90 逻辑跳，和诊疗问诊不同，思路乱。,RQ2,自然语言交互的接受度与披露质量,SCL-90 跳转；问诊逻辑混乱；量表导向,量表流程问题,系统应明确采用量表逻辑还是诊疗逻辑，并保持一致。,混合无序会影响用户体验和评估有效性。,流程设计,
S3-013,S3.md,原型体验,1:00:33,共情词如很心疼你不太接中国人的地气，有点太 AI。,RQ2,自然语言交互的接受度与披露质量,共情本土化；AI 感；表达不自然,语言风格,系统共情表达应更自然、本土化，避免模板感。,不自然共情可能削弱信任。,提示词优化,
S3-014,S3.md,精神科医生/医生,1:01:57,诊断框架包括主诉、现病史、症状发生发展过程、既往史、家族史、婚恋史和精神检查。,RQ1,评估信息要素与结构化采集,主诉；现病史；发生发展；既往史；家族史；婚恋史；精神检查,医学病史框架,系统可按主诉、现病史、既往史、家族史等字段整理报告供专业人员参考。,字段整理不等于诊断。,报告结构,
S3-015,S3.md,精神科医生/医生,1:03:06,精神检查包括意识、定向力、接触主动被动、思维连贯性和逻辑性、有无幻觉妄想、面部表情、肢体动作、思维速度。,RQ1,评估信息要素与结构化采集,意识；定向力；接触方式；思维连贯；幻觉妄想；表情动作；思维速度,精神检查维度,文本系统只能部分捕捉语言线索，其他精神检查维度需线下专业观察。,AI 不应声称完成精神检查。,边界依据,
S3-016,S3.md,原型体验,1:04:23,心理咨询师没有诊断权限，医疗体系诊断和原型当前逻辑不一样，重复性问题很多。,RQ2,工具定位与边界,诊断权限；医疗体系；重复问题；专业复核,专业路径差异,系统应明确是辅助精神科诊断还是心理支持，并按对应专业流程设计。,定位不清会导致流程混乱和越界。,定位依据,
S4-001,S4.md,精神科医生/医生,05:46-06:15,大学生来诊多为焦虑抑郁，一般处于轻度。,RQ1,诊断标准与量表依据,焦虑；抑郁；轻度,常见状态,系统应识别轻度焦虑抑郁相关表达，并给出适当支持和进一步评估建议。,轻度不等于无需关注。,医生视角,
S4-002,S4.md,精神科医生/医生,6:28,通过活动、简单问卷和门诊就诊了解大学生。,RQ1,评估信息要素与结构化采集,活动；问卷；门诊,多入口了解,系统可结合问卷、活动数据和门诊/咨询记录形成更完整评估。,多源数据需授权和隐私控制。,数据来源,
S4-003,S4.md,精神科医生/医生,6:55,大学生就业压力、人生目标和方向也是困扰问题。,RQ1,评估信息要素与结构化采集,就业压力；人生目标；方向困扰,发展性议题,系统应覆盖就业压力和人生方向等发展性困扰。,发展性困扰不应简单疾病化。,场景补充,
S4-004,S4.md,精神科医生/医生,7:26,精神科医生更看重是否达到疾病诊断标准，关注 ICD-10 诊断标准。,RQ1,诊断标准与量表依据,精神科；疾病诊断标准；ICD-10,医学标准,系统可把 ICD-10 作为知识参考，但不能替代医生判断。,诊断标准使用必须谨慎。,边界依据,
S4-005,S4.md,精神科医生/医生,07:57-08:23,先了解病人情况，必要时做心理测查、检查、排除检查，再做精神检查；看焦虑、抑郁、躁狂状态，了解病史和量表。,RQ1,评估流程与决策节点,病情了解；心理测查；排除检查；精神检查；病史；量表,诊疗流程,系统可辅助整理病史、量表和状态线索，但无法完成医学检查。,身体/医学检查需线下专业完成。,流程依据,
S4-006,S4.md,精神科医生/医生,8:23,达到吃药程度就开药，必要时考虑住院。,RQ1,危机评估与分级处置,药物治疗；住院；严重程度,治疗分流,系统识别严重线索时应建议精神科就医评估，不应给药物建议。,AI 不可开药或判断住院。,转介边界,
S4-007,S4.md,精神科医生/医生,9:07,出现明显情绪问题、抑郁三高三低、躯体症状、失眠、食欲问题或躁狂表现时会详细询问。,RQ1,评估信息要素与结构化采集,情绪问题；抑郁症状；躯体症状；失眠；食欲；躁狂,详细询问触发,系统应对失眠、食欲、躁狂和明显情绪问题进行重点追问。,躁狂线索需提示专业评估。,追问依据,
S4-008,S4.md,精神科医生/医生,9:52,抑郁症符合 ICD-10 标准，持续两周以上情绪低落、兴趣下降、精力下降，并伴随失眠早醒、食欲低、体重低、无望感、自杀观念和社会功能受损。,RQ1,诊断标准与量表依据,两周以上；情绪低落；兴趣下降；精力下降；失眠早醒；无望感；自杀观念；社会功能受损,抑郁评估线索,系统应采集抑郁相关症状、持续时间和功能损伤，并在自杀观念出现时触发危机流程。,不能凭这些线索直接诊断抑郁症。,关键标准,
S4-009,S4.md,精神科医生/医生,10:40-11:08,常见诊断包括抑郁、躁狂、精神障碍，根据状态划分。,RQ1,诊断标准与量表依据,抑郁；躁狂；精神障碍；状态划分,诊断分类,系统应识别不同状态线索并提示专业评估。,精神障碍诊断需医生。,术语边界,
S4-010,S4.md,原型体验,11:41,智能体先抛出话题并给选择，但选项有时不是我想要的，只能在三个选项里选。,RQ2,自然语言交互的接受度与披露质量,选项限制；话题引导；非用户意图,选项限制,系统提供选项时应允许用户自由表达，并明确可以不选。,强选项会限制披露并误导话题。,交互体验,
S4-011,S4.md,原型体验,12:22,继续对话会比抛出选项更自在，选项会把话题引向另一个方向。,RQ2,自然语言交互的接受度与披露质量,自由对话；选项偏移；更自在,自由表达优先,系统应优先支持自由对话，选项只作为辅助。,选项偏移会降低用户控制感。,体验改进,
S4-012,S4.md,原型体验,13:35,如果不关注抛出的答案，直接聊的话，也算不错的倾诉对象。,RQ2,自然语言交互的接受度与披露质量,倾诉对象；自由聊天；支持性对话,陪伴价值,系统在自由对话模式下具备心理支持潜力。,倾诉支持仍需危机识别兜底。,正向反馈,
S5-001,S5.md,精神科医生/高校咨询师,02:54-04:16,门诊主要是抑郁、焦虑、失眠和睡眠障碍；门诊较重，高校咨询室较轻，有消极想法会推荐医院就诊和药物干预。,RQ1,危机评估与分级处置,抑郁；焦虑；失眠；门诊较重；高校较轻；消极想法；医院就诊,场景分流,系统应区分高校咨询和医院门诊场景，对消极想法建议医院评估。,AI 不应建议具体药物，只能建议就医。,双角色视角,
S5-002,S5.md,精神科医生/高校咨询师,5:09,来访者通常有自救意识，会主动说最近怎么不好、情绪怎么了，再用开放性问题了解整体状态并做后续干预或引导。,RQ1,评估流程与决策节点,自救意识；主动叙述；开放性问题；整体状态,开放式初评,系统应先接住用户主动叙述，用开放式问题了解整体状态。,不要过早封闭式问诊。,流程依据,
S5-003,S5.md,精神科医生/高校咨询师,6:11,不同学校群体问题不同：研究院多课题/学业压力，本科多人际和学习压力，专科多人际和情绪困扰。,RQ1,评估信息要素与结构化采集,学校差异；课题压力；学业压力；人际关系；情绪困扰,群体差异,系统应允许根据学生类型和学校阶段调整关注点。,不能假设所有大学生问题相同。,场景适配,
S5-004,S5.md,精神科医生/高校咨询师,7:36,门诊有病历模板，包括症状、发病时间、持续时间、情绪症状、躯体不适、就诊经过、当前状态、消极想法、睡眠饮食、身体疾病和家庭关系。,RQ1,评估信息要素与结构化采集,病历模板；发病时间；持续时间；情绪症状；躯体不适；就诊经过；消极想法；睡眠饮食；家庭关系,医学采集字段,系统报告可参考病历模板字段整理对话信息。,字段整理不能替代医生病历。,报告结构,
S5-005,S5.md,精神科医生/高校咨询师,7:36,高校咨询第一次总是整体评估，但没有非常固定的模板顺序。,RQ1,评估流程与决策节点,整体评估；非固定顺序；高校咨询,灵活初评,智能体应保持必要结构化字段，同时允许顺着用户叙述灵活追问。,过度固定模板会损害体验。,流程平衡,
S5-006,S5.md,精神科医生/高校咨询师,9:59,人际、学业、课题困扰要追问具体经过、结果、目前状态和细枝末节，让来访倾诉出来。,RQ1,自然语言交互的接受度与披露质量,具体经过；结果；当前状态；细节；倾诉,具体化与倾诉,系统应鼓励用户描述具体事件经过和当前影响。,不能只抽取标签而忽略叙事。,追问策略,
S5-007,S5.md,精神科医生/高校咨询师,10:57-11:21,符合 DSM 或 ICD 诊断标准即可诊断，临床一般用 ICD-10。,RQ1,诊断标准与量表依据,DSM；ICD-10；诊断标准,标准依据,系统知识库可引用 DSM/ICD 作为参考标准，但不得输出诊断。,正式诊断由医生完成。,医学边界,
S5-008,S5.md,精神科医生/高校咨询师,12:21,诊断类型按轻重划分，按照 ICD-10 轻重标准。,RQ1,诊断标准与量表依据,轻重划分；ICD-10,严重程度标准,系统可将轻重程度作为风险提示字段，但需说明是初步判断。,不能宣称符合 ICD 诊断。,分级依据,
S5-009,S5.md,精神科医生/高校咨询师,12:51,门诊流程会根据病史症状做判断，开自评量表、SCL-90、睡眠质量量表、SAS、SDS；有强迫、轻躁狂、双相征兆则开相应量表。,RQ1,诊断标准与量表依据,病史症状；自评量表；SCL-90；PSQI；SAS；SDS；强迫；轻躁狂；双相,量表选择策略,系统应根据用户主诉和线索选择相应量表，而非固定完整量表。,量表需解释用途，结果需专业解读。,量表策略,
S5-010,S5.md,精神科医生/高校咨询师,13:51,量表虽主观，但重度抑郁、重度焦虑且有消极想法时，提示可以药物干预，并建议心理咨询或学校心理中心求助。,RQ1,危机评估与分级处置,量表主观；重度；消极想法；药物干预；心理咨询；学校心理中心,分流建议,系统应在重度线索和消极想法出现时建议精神科和学校心理中心支持。,AI 不可开药，只能建议专业评估。,转介规则,
S5-011,S5.md,线上问诊,15:47-16:27,线上问诊多为文字，自己更注重语音；线上诊断大概七八十，但面对面能更准确感受状态。,RQ2,自然语言交互系统的挑战与约束,文字问诊；语音偏好；七八十准确；面对面更准确,线上局限,系统应提示线上/文本评估有限，必要时线下就医。,不能过度自信。,局限说明,
S5-012,S5.md,原型体验,17:57,智能体非常僵硬，说着说着就提 SCL-90，不管说什么都要求详细说并结合量表。,RQ2,自然语言交互的接受度与披露质量,僵硬；SCL-90 过度；量表强插入,量表突兀,系统应减少量表术语暴露和强插入，先理解用户表达。,过度量表化影响体验和披露。,原型问题,
S5-013,S5.md,原型体验,19:44,手机网页版左右都在左边，像微信这种左右分布会更舒服。,RQ2,自然语言交互的接受度与披露质量,移动端界面；左右气泡；微信习惯,界面可用性,聊天界面应采用用户熟悉的左右气泡结构。,界面不清会影响使用舒适度。,UI 建议,
S5-014,S5.md,原型体验,20:41,用户说最近一个月情绪低落、担心害怕，系统回复 SCL-90 相关体现，这句话非常莫名其妙。,RQ2,自然语言交互的接受度与披露质量,量表术语；莫名其妙；情绪低落；担心害怕,量表语言转译,系统应将量表维度转成自然语言，不应直接抛出 SCL-90。,非专业用户不理解量表术语。,与 P3/P5 互证,
S5-015,S5.md,原型体验,20:41,除了第一句有共情，后面突然问无缘无故害怕、过分担忧、苦闷和程度如何，显得不自然。,RQ2,自然语言交互的接受度与披露质量,共情不足；跳转突兀；程度追问；不自然,自然衔接,系统追问程度前应先承接用户情绪并解释为什么追问。,突兀追问会降低信任。,提示词优化,
S5-016,S5.md,原型讨论,24:13-24:37,受访者询问项目后续是走精神科方向还是心理咨询方向；访谈中回应是走精神科辅助诊断方向。,RQ2,工具定位与边界,精神科方向；心理咨询方向；辅助诊断；产品定位,定位澄清,项目必须明确是精神科辅助评估还是心理咨询支持，因为两套流程和风险不同。,定位不清会导致需求和合规边界混乱。,关键开放问题,
