需求ID,优先级,需求类别,需求名称,需求描述,访谈依据主题,后续设计落点
REQ-001,P0,系统定位,边界声明,"系统必须声明不能替代心理咨询师、精神科医生或紧急服务。",工具定位与边界,开场白/系统提示词
REQ-002,P0,系统定位,避免诊断输出,"报告和对话中使用初步评估、风险提示、建议进一步评估等措辞，不输出疾病诊断。",评估 vs 诊断切分,报告模板/提示词约束
REQ-003,P0,对话流程,开放式主诉询问,"开场先询问用户想聊什么、希望解决什么，而不是直接进入量表。",评估流程与决策节点,工作流/开场提示词
REQ-004,P0,评估采集,基础评估字段,"采集主诉、持续时间、频率、强度、痛苦程度、睡眠饮食、社会功能影响等字段。",评估信息要素与结构化采集,报告字段/追问节点
REQ-005,P0,危机响应,危机触发规则,"识别自伤、自杀、伤害他人、吞药、具体计划、幻听妄想等高风险线索。",危机评估与分级处置,危机规则/分类器
REQ-006,P0,危机响应,危机流程中断普通对话,"触发危机后停止普通聊天和量表流程，进入安全确认和资源推送。",危机评估与分级处置,工作流分支
REQ-007,P0,危机响应,资源白名单,"危机场景只能推送审核后的校内心理中心、热线、医院和紧急资源。",危机评估与分级处置,知识库/资源库
REQ-008,P1,量表策略,按主诉选择量表,"根据抑郁、焦虑、睡眠等主诉选择短量表，不默认完整 SCL-90。",诊断标准与量表依据,量表调用策略
REQ-009,P1,量表策略,量表自然语言化,"将量表题目转译成用户能理解的日常语言。",自然语言交互的接受度与披露质量,提示词/知识库
REQ-010,P1,语义理解,自由回答映射,"识别会、不会、严重、非常符合等自由回答与上文问题的对应关系。",自然语言交互的接受度与披露质量,NLU/提示词
REQ-011,P1,对话记忆,避免重复提问,"记录已回答内容，避免重复问同一问题。",自然语言交互的接受度与披露质量,对话状态管理
REQ-012,P1,报告设计,结构化报告字段,"报告包含基本信息、主诉、情绪、认知、行为、功能影响、危机风险、建议等字段。",评估信息要素与结构化采集,报告模板
REQ-013,P1,校园场景,大学生特定议题,"覆盖宿舍关系、学业压力、课题压力、亲密关系、就业升学、家庭关系等。",评估信息要素与结构化采集,追问节点/知识库
REQ-014,P1,后台自动报告,专家审计与飞书留档,"支持后台自动生成报告并上传飞书；开发阶段可支持专家查看和标注样例，用于迭代智能体回应和规则，但不作为最终人工复核闭环。",人机协作与审计,后台功能
REQ-015,P1,隐私权限,数据访问控制,"对话记录和报告访问需要权限控制，避免无边界查看。",人机协作与审计,后台权限
REQ-016,P2,交互体验,减少 AI 味,"用户端不暴露正在搜索知识库等技术状态，减少机械感。",自然语言交互的接受度与披露质量,前端/交互
REQ-017,P2,交互体验,共情表达优化,"共情表达自然、本土化，避免模板化和不接地气。",自然语言交互的接受度与披露质量,提示词优化
REQ-018,P2,交互体验,移动端聊天布局,"移动端采用更接近常见聊天软件的左右气泡布局。",自然语言交互的接受度与披露质量,前端界面
REQ-019,P2,长期评估,多轮趋势追踪,"支持多轮对话中观察状态变化，而不是单次对话给强结论。",自然语言交互系统的挑战与约束,后续功能
REQ-020,P2,资源推荐,资源少而准,"普通场景资源推荐应与用户议题匹配，不应每轮机械附带多个链接。",自然语言交互的接受度与披露质量,知识库/推荐策略
